country,alpha_2_code,alpha_3_code,numeric_code,indicator,time_period,obs_value,sex,unit_multiplier,unit_of_measure,observation_status,observation_confidentaility,time_period_activity_related_to_when_the_data_are_collected,current_age
Afghanistan,AF,AFG,4,Postnatal care for mothers - percentage of women (aged 15-49 years) who received postnatal care within 2 days of giving birth,2010,23.4,Female,Units,%,Reported,Free,End of fieldwork,15 to 49 years old
Afghanistan,AF,AFG,4,Postnatal care for mothers - percentage of women (aged 15-49 years) who received postnatal care within 2 days of giving birth,2015,39.9,Female,Units,%,Reported,Free,End of fieldwork,15 to 49 years old
Afghanistan,AF,AFG,4,Postnatal care for mothers - percentage of women (aged 15-49 years) who received postnatal care within 2 days of giving birth,2018,37.4,Female,Units,%,Reported,Free,End of fieldwork,15 to 49 years old
Albania,AL,ALB,8,Postnatal care for mothers - percentage of women (aged 15-49 years) who received postnatal care within 2 days of giving birth,2018,87.7,Female,Units,%,Reported,Free,End of fieldwork,15 to 49 years old
Algeria,DZ,DZA,12,Postnatal care for mothers - percentage of women (aged 15-49 years) who received postnatal care within 2 days of giving birth,2019,87.6,Female,Units,%,Reported,Free,End of fieldwork,15 to 49 years old
Angola,AO,AGO,24,Postnatal care for mothers - percentage of women (aged 15-49 years) who received postnatal care within 2 days of giving birth,2016,23.3,Female,Units,%,Reported,Free,End of fieldwork,15 to 49 years old
Argentina,AR,ARG,32,Postnatal care for mothers - percentage of women (aged 15-49 years) who received postnatal care within 2 days of giving birth,2020,97,Female,Units,%,Reported,Free,End of fieldwork,15 to 49 years old
Armenia,AM,ARM,51,Postnatal care for mothers - percentage of women (aged 15-49 years) who received postnatal care within 2 days of giving birth,2010,92,Female,Units,%,Reported,Free,End of fieldwork,15 to 49 years old
Armenia,AM,ARM,51,Postnatal care for mothers - percentage of women (aged 15-49 years) who received postnatal care within 2 days of giving birth,2016,97.4,Female,Units,%,Reported,Free,End of fieldwork,15 to 49 years old
Azerbaijan,AZ,AZE,31,Postnatal care for mothers - percentage of women (aged 15-49 years) who received postnatal care within 2 days of giving birth,2011,83.3,Female,Units,%,Reported,Free,End of fieldwork,15 to 49 years old
Bangladesh,BD,BGD,50,Postnatal care for mothers - percentage of women (aged 15-49 years) who received postnatal care within 2 days of giving birth,2011,27.2,Female,Units,%,Reported,Free,End of fieldwork,15 to 49 years old
Bangladesh,BD,BGD,50,Postnatal care for mothers - percentage of women (aged 15-49 years) who received postnatal care within 2 days of giving birth,2013,40.4,Female,Units,%,Reported,Free,End of fieldwork,15 to 49 years old
Bangladesh,BD,BGD,50,Postnatal care for mothers - percentage of women (aged 15-49 years) who received postnatal care within 2 days of giving birth,2014,58.1,Female,Units,%,Reported,Free,End of fieldwork,15 to 49 years old
Bangladesh,BD,BGD,50,Postnatal care for mothers - percentage of women (aged 15-49 years) who received postnatal care within 2 days of giving birth,2018,52.1,Female,Units,%,Reported,Free,End of fieldwork,15 to 49 years old
Bangladesh,BD,BGD,50,Postnatal care for mothers - percentage of women (aged 15-49 years) who received postnatal care within 2 days of giving birth,2019,65.3,Female,Units,%,Reported,Free,End of fieldwork,15 to 49 years old
Barbados,BB,BRB,52,Postnatal care for mothers - percentage of women (aged 15-49 years) who received postnatal care within 2 days of giving birth,2012,96.9,Female,Units,%,Reported,Free,End of fieldwork,15 to 49 years old
Belarus,BY,BLR,112,Postnatal care for mothers - percentage of women (aged 15-49 years) who received postnatal care within 2 days of giving birth,2012,99.7,Female,Units,%,Reported,Free,End of fieldwork,15 to 49 years old
Belarus,BY,BLR,112,Postnatal care for mothers - percentage of women (aged 15-49 years) who received postnatal care within 2 days of giving birth,2019,99.4,Female,Units,%,Reported,Free,End of fieldwork,15 to 49 years old
Belize,BZ,BLZ,84,Postnatal care for mothers - percentage of women (aged 15-49 years) who received postnatal care within 2 days of giving birth,2011,94.8,Female,Units,%,Reported,Free,End of fieldwork,15 to 49 years old
Belize,BZ,BLZ,84,Postnatal care for mothers - percentage of women (aged 15-49 years) who received postnatal care within 2 days of giving birth,2016,96.4,Female,Units,%,Reported,Free,End of fieldwork,15 to 49 years old
Benin,BJ,BEN,204,Postnatal care for mothers - percentage of women (aged 15-49 years) who received postnatal care within 2 days of giving birth,2012,51,Female,Units,%,Reported,Free,End of fieldwork,15 to 49 years old
Benin,BJ,BEN,204,Postnatal care for mothers - percentage of women (aged 15-49 years) who received postnatal care within 2 days of giving birth,2014,78.2,Female,Units,%,Reported,Free,End of fieldwork,15 to 49 years old
Benin,BJ,BEN,204,Postnatal care for mothers - percentage of women (aged 15-49 years) who received postnatal care within 2 days of giving birth,2018,65.5,Female,Units,%,Reported,Free,End of fieldwork,15 to 49 years old
Bhutan,BT,BTN,64,Postnatal care for mothers - percentage of women (aged 15-49 years) who received postnatal care within 2 days of giving birth,2010,41.2,Female,Units,%,Reported,Free,End of fieldwork,15 to 49 years old
"Bolivia, Plurinational State of",BO,BOL,68,Postnatal care for mothers - percentage of women (aged 15-49 years) who received postnatal care within 2 days of giving birth,2008,76.2,Female,Units,%,Reported,Free,End of fieldwork,15 to 49 years old
"Bolivia, Plurinational State of",BO,BOL,68,Postnatal care for mothers - percentage of women (aged 15-49 years) who received postnatal care within 2 days of giving birth,2016,56.4,Female,Units,%,Reported,Free,End of fieldwork,15 to 49 years old
Burkina Faso,BF,BFA,854,Postnatal care for mothers - percentage of women (aged 15-49 years) who received postnatal care within 2 days of giving birth,2010,71.9,Female,Units,%,Reported,Free,End of fieldwork,15 to 49 years old
Burkina Faso,BF,BFA,854,Postnatal care for mothers - percentage of women (aged 15-49 years) who received postnatal care within 2 days of giving birth,2015,74.1,Female,Units,%,Reported,Free,End of fieldwork,15 to 49 years old
Burkina Faso,BF,BFA,854,Postnatal care for mothers - percentage of women (aged 15-49 years) who received postnatal care within 2 days of giving birth,2021,78.5,Female,Units,%,Reported,Free,End of fieldwork,15 to 49 years old
Burundi,BI,BDI,108,Postnatal care for mothers - percentage of women (aged 15-49 years) who received postnatal care within 2 days of giving birth,2010,29.9,Female,Units,%,Reported,Free,End of fieldwork,15 to 49 years old
Burundi,BI,BDI,108,Postnatal care for mothers - percentage of women (aged 15-49 years) who received postnatal care within 2 days of giving birth,2012,39.9,Female,Units,%,Reported,Free,End of fieldwork,15 to 49 years old
Burundi,BI,BDI,108,Postnatal care for mothers - percentage of women (aged 15-49 years) who received postnatal care within 2 days of giving birth,2017,51.1,Female,Units,%,Reported,Free,End of fieldwork,15 to 49 years old
Cape Verde,CV,CPV,132,Postnatal care for mothers - percentage of women (aged 15-49 years) who received postnatal care within 2 days of giving birth,2018,87.2,Female,Units,%,Reported,Free,End of fieldwork,15 to 49 years old
Cambodia,KH,KHM,116,Postnatal care for mothers - percentage of women (aged 15-49 years) who received postnatal care within 2 days of giving birth,2011,70.4,Female,Units,%,Reported,Free,End of fieldwork,15 to 49 years old
Cambodia,KH,KHM,116,Postnatal care for mothers - percentage of women (aged 15-49 years) who received postnatal care within 2 days of giving birth,2014,90.3,Female,Units,%,Reported,Free,End of fieldwork,15 to 49 years old
Cambodia,KH,KHM,116,Postnatal care for mothers - percentage of women (aged 15-49 years) who received postnatal care within 2 days of giving birth,2022,84.9,Female,Units,%,Reported,Free,End of fieldwork,15 to 49 years old
Cameroon,CM,CMR,120,Postnatal care for mothers - percentage of women (aged 15-49 years) who received postnatal care within 2 days of giving birth,2011,37.2,Female,Units,%,Reported,Free,End of fieldwork,15 to 49 years old
Cameroon,CM,CMR,120,Postnatal care for mothers - percentage of women (aged 15-49 years) who received postnatal care within 2 days of giving birth,2014,65,Female,Units,%,Reported,Free,End of fieldwork,15 to 49 years old
Cameroon,CM,CMR,120,Postnatal care for mothers - percentage of women (aged 15-49 years) who received postnatal care within 2 days of giving birth,2018,58.9,Female,Units,%,Reported,Free,End of fieldwork,15 to 49 years old
Central African Republic,CF,CAF,140,Postnatal care for mothers - percentage of women (aged 15-49 years) who received postnatal care within 2 days of giving birth,2019,57.4,Female,Units,%,Reported,Free,End of fieldwork,15 to 49 years old
Chad,TD,TCD,148,Postnatal care for mothers - percentage of women (aged 15-49 years) who received postnatal care within 2 days of giving birth,2015,16,Female,Units,%,Reported,Free,End of fieldwork,15 to 49 years old
Chad,TD,TCD,148,Postnatal care for mothers - percentage of women (aged 15-49 years) who received postnatal care within 2 days of giving birth,2019,25.9,Female,Units,%,Reported,Free,End of fieldwork,15 to 49 years old
Comoros,KM,COM,174,Postnatal care for mothers - percentage of women (aged 15-49 years) who received postnatal care within 2 days of giving birth,2012,49,Female,Units,%,Reported,Free,End of fieldwork,15 to 49 years old
Congo,CG,COG,178,Postnatal care for mothers - percentage of women (aged 15-49 years) who received postnatal care within 2 days of giving birth,2012,63.8,Female,Units,%,Reported,Free,End of fieldwork,15 to 49 years old
Congo,CG,COG,178,Postnatal care for mothers - percentage of women (aged 15-49 years) who received postnatal care within 2 days of giving birth,2015,79.9,Female,Units,%,Reported,Free,End of fieldwork,15 to 49 years old
Costa Rica,CR,CRI,188,Postnatal care for mothers - percentage of women (aged 15-49 years) who received postnatal care within 2 days of giving birth,2018,91.6,Female,Units,%,Reported,Free,End of fieldwork,15 to 49 years old
Cuba,CU,CUB,192,Postnatal care for mothers - percentage of women (aged 15-49 years) who received postnatal care within 2 days of giving birth,2014,99.2,Female,Units,%,Reported,Free,End of fieldwork,15 to 49 years old
Cuba,CU,CUB,192,Postnatal care for mothers - percentage of women (aged 15-49 years) who received postnatal care within 2 days of giving birth,2019,99.8,Female,Units,%,Reported,Free,End of fieldwork,15 to 49 years old
Ivory Coast,CI,CIV,384,Postnatal care for mothers - percentage of women (aged 15-49 years) who received postnatal care within 2 days of giving birth,2012,70.4,Female,Units,%,Reported,Free,End of fieldwork,15 to 49 years old
Ivory Coast,CI,CIV,384,Postnatal care for mothers - percentage of women (aged 15-49 years) who received postnatal care within 2 days of giving birth,2016,80.3,Female,Units,%,Reported,Free,End of fieldwork,15 to 49 years old
Ivory Coast,CI,CIV,384,Postnatal care for mothers - percentage of women (aged 15-49 years) who received postnatal care within 2 days of giving birth,2021,74.4,Female,Units,%,Reported,Free,End of fieldwork,15 to 49 years old
"Korea, Democratic People's Republic of",KP,PRK,408,Postnatal care for mothers - percentage of women (aged 15-49 years) who received postnatal care within 2 days of giving birth,2017,98.4,Female,Units,%,Reported,Free,End of fieldwork,15 to 49 years old
"Congo, the Democratic Republic of the",CD,COD,180,Postnatal care for mothers - percentage of women (aged 15-49 years) who received postnatal care within 2 days of giving birth,2014,43.8,Female,Units,%,Reported,Free,End of fieldwork,15 to 49 years old
"Congo, the Democratic Republic of the",CD,COD,180,Postnatal care for mothers - percentage of women (aged 15-49 years) who received postnatal care within 2 days of giving birth,2018,49.5,Female,Units,%,Reported,Free,End of fieldwork,15 to 49 years old
Dominican Republic,DO,DOM,214,Postnatal care for mothers - percentage of women (aged 15-49 years) who received postnatal care within 2 days of giving birth,2013,84.2,Female,Units,%,Reported,Free,End of fieldwork,15 to 49 years old
Dominican Republic,DO,DOM,214,Postnatal care for mothers - percentage of women (aged 15-49 years) who received postnatal care within 2 days of giving birth,2014,94.5,Female,Units,%,Reported,Free,End of fieldwork,15 to 49 years old
Dominican Republic,DO,DOM,214,Postnatal care for mothers - percentage of women (aged 15-49 years) who received postnatal care within 2 days of giving birth,2019,89.7,Female,Units,%,Reported,Free,End of fieldwork,15 to 49 years old
Egypt,EG,EGY,818,Postnatal care for mothers - percentage of women (aged 15-49 years) who received postnatal care within 2 days of giving birth,2014,81.5,Female,Units,%,Reported,Free,End of fieldwork,15 to 49 years old
El Salvador,SV,SLV,222,Postnatal care for mothers - percentage of women (aged 15-49 years) who received postnatal care within 2 days of giving birth,2014,93.6,Female,Units,%,Reported,Free,End of fieldwork,15 to 49 years old
El Salvador,SV,SLV,222,Postnatal care for mothers - percentage of women (aged 15-49 years) who received postnatal care within 2 days of giving birth,2021,92.9,Female,Units,%,Reported,Free,End of fieldwork,15 to 49 years old
Eritrea,ER,ERI,232,Postnatal care for mothers - percentage of women (aged 15-49 years) who received postnatal care within 2 days of giving birth,2010,5,Female,Units,%,Reported,Free,End of fieldwork,15 to 49 years old
Swaziland,SZ,SWZ,748,Postnatal care for mothers - percentage of women (aged 15-49 years) who received postnatal care within 2 days of giving birth,2014,87.5,Female,Units,%,Reported,Free,End of fieldwork,15 to 49 years old
Ethiopia,ET,ETH,231,Postnatal care for mothers - percentage of women (aged 15-49 years) who received postnatal care within 2 days of giving birth,2011,6.7,Female,Units,%,Reported,Free,End of fieldwork,15 to 49 years old
Ethiopia,ET,ETH,231,Postnatal care for mothers - percentage of women (aged 15-49 years) who received postnatal care within 2 days of giving birth,2014,13.2,Female,Units,%,Reported,Free,End of fieldwork,15 to 49 years old
Ethiopia,ET,ETH,231,Postnatal care for mothers - percentage of women (aged 15-49 years) who received postnatal care within 2 days of giving birth,2016,16.5,Female,Units,%,Reported,Free,End of fieldwork,15 to 49 years old
Ethiopia,ET,ETH,231,Postnatal care for mothers - percentage of women (aged 15-49 years) who received postnatal care within 2 days of giving birth,2019,33.8,Female,Units,%,Reported,Free,End of fieldwork,15 to 49 years old
Fiji,FJ,FJI,242,Postnatal care for mothers - percentage of women (aged 15-49 years) who received postnatal care within 2 days of giving birth,2021,94.2,Female,Units,%,Reported,Free,End of fieldwork,15 to 49 years old
Gabon,GA,GAB,266,Postnatal care for mothers - percentage of women (aged 15-49 years) who received postnatal care within 2 days of giving birth,2012,59.6,Female,Units,%,Reported,Free,End of fieldwork,15 to 49 years old
Gambia,GM,GMB,270,Postnatal care for mothers - percentage of women (aged 15-49 years) who received postnatal care within 2 days of giving birth,2013,75.6,Female,Units,%,Reported,Free,End of fieldwork,15 to 49 years old
Gambia,GM,GMB,270,Postnatal care for mothers - percentage of women (aged 15-49 years) who received postnatal care within 2 days of giving birth,2018,86.7,Female,Units,%,Reported,Free,End of fieldwork,15 to 49 years old
Gambia,GM,GMB,270,Postnatal care for mothers - percentage of women (aged 15-49 years) who received postnatal care within 2 days of giving birth,2020,87.9,Female,Units,%,Reported,Free,End of fieldwork,15 to 49 years old
Ghana,GH,GHA,288,Postnatal care for mothers - percentage of women (aged 15-49 years) who received postnatal care within 2 days of giving birth,2011,82.5,Female,Units,%,Reported,Free,End of fieldwork,15 to 49 years old
Ghana,GH,GHA,288,Postnatal care for mothers - percentage of women (aged 15-49 years) who received postnatal care within 2 days of giving birth,2014,81.1,Female,Units,%,Reported,Free,End of fieldwork,15 to 49 years old
Ghana,GH,GHA,288,Postnatal care for mothers - percentage of women (aged 15-49 years) who received postnatal care within 2 days of giving birth,2017,84.3,Female,Units,%,Reported,Free,End of fieldwork,15 to 49 years old
Ghana,GH,GHA,288,Postnatal care for mothers - percentage of women (aged 15-49 years) who received postnatal care within 2 days of giving birth,2018,84.6,Female,Units,%,Reported,Free,End of fieldwork,15 to 49 years old
Guatemala,GT,GTM,320,Postnatal care for mothers - percentage of women (aged 15-49 years) who received postnatal care within 2 days of giving birth,2015,77.6,Female,Units,%,Reported,Free,End of fieldwork,15 to 49 years old
Guinea,GN,GIN,324,Postnatal care for mothers - percentage of women (aged 15-49 years) who received postnatal care within 2 days of giving birth,2012,37.1,Female,Units,%,Reported,Free,End of fieldwork,15 to 49 years old
Guinea,GN,GIN,324,Postnatal care for mothers - percentage of women (aged 15-49 years) who received postnatal care within 2 days of giving birth,2016,57.4,Female,Units,%,Reported,Free,End of fieldwork,15 to 49 years old
Guinea,GN,GIN,324,Postnatal care for mothers - percentage of women (aged 15-49 years) who received postnatal care within 2 days of giving birth,2018,48.6,Female,Units,%,Reported,Free,End of fieldwork,15 to 49 years old
Guinea-Bissau,GW,GNB,624,Postnatal care for mothers - percentage of women (aged 15-49 years) who received postnatal care within 2 days of giving birth,2014,48.4,Female,Units,%,Reported,Free,End of fieldwork,15 to 49 years old
Guinea-Bissau,GW,GNB,624,Postnatal care for mothers - percentage of women (aged 15-49 years) who received postnatal care within 2 days of giving birth,2019,53.3,Female,Units,%,Reported,Free,End of fieldwork,15 to 49 years old
Guyana,GY,GUY,328,Postnatal care for mothers - percentage of women (aged 15-49 years) who received postnatal care within 2 days of giving birth,2014,93,Female,Units,%,Reported,Free,End of fieldwork,15 to 49 years old
Guyana,GY,GUY,328,Postnatal care for mothers - percentage of women (aged 15-49 years) who received postnatal care within 2 days of giving birth,2020,93.6,Female,Units,%,Reported,Free,End of fieldwork,15 to 49 years old
Haiti,HT,HTI,332,Postnatal care for mothers - percentage of women (aged 15-49 years) who received postnatal care within 2 days of giving birth,2012,32.1,Female,Units,%,Reported,Free,End of fieldwork,15 to 49 years old
Haiti,HT,HTI,332,Postnatal care for mothers - percentage of women (aged 15-49 years) who received postnatal care within 2 days of giving birth,2017,31,Female,Units,%,Reported,Free,End of fieldwork,15 to 49 years old
Honduras,HN,HND,340,Postnatal care for mothers - percentage of women (aged 15-49 years) who received postnatal care within 2 days of giving birth,2012,84.7,Female,Units,%,Reported,Free,End of fieldwork,15 to 49 years old
Honduras,HN,HND,340,Postnatal care for mothers - percentage of women (aged 15-49 years) who received postnatal care within 2 days of giving birth,2019,91.7,Female,Units,%,Reported,Free,End of fieldwork,15 to 49 years old
India,IN,IND,356,Postnatal care for mothers - percentage of women (aged 15-49 years) who received postnatal care within 2 days of giving birth,2014,39.2,Female,Units,%,Reported,Free,End of fieldwork,15 to 49 years old
India,IN,IND,356,Postnatal care for mothers - percentage of women (aged 15-49 years) who received postnatal care within 2 days of giving birth,2016,65.3,Female,Units,%,Reported,Free,End of fieldwork,15 to 49 years old
India,IN,IND,356,Postnatal care for mothers - percentage of women (aged 15-49 years) who received postnatal care within 2 days of giving birth,2021,61.2,Female,Units,%,Reported,Free,End of fieldwork,15 to 49 years old
Indonesia,ID,IDN,360,Postnatal care for mothers - percentage of women (aged 15-49 years) who received postnatal care within 2 days of giving birth,2012,80.4,Female,Units,%,Reported,Free,End of fieldwork,15 to 49 years old
Indonesia,ID,IDN,360,Postnatal care for mothers - percentage of women (aged 15-49 years) who received postnatal care within 2 days of giving birth,2017,87,Female,Units,%,Reported,Free,End of fieldwork,15 to 49 years old
Iraq,IQ,IRQ,368,Postnatal care for mothers - percentage of women (aged 15-49 years) who received postnatal care within 2 days of giving birth,2018,82.6,Female,Units,%,Reported,Free,End of fieldwork,15 to 49 years old
Jordan,JO,JOR,400,Postnatal care for mothers - percentage of women (aged 15-49 years) who received postnatal care within 2 days of giving birth,2012,82,Female,Units,%,Reported,Free,End of fieldwork,15 to 49 years old
Jordan,JO,JOR,400,Postnatal care for mothers - percentage of women (aged 15-49 years) who received postnatal care within 2 days of giving birth,2018,83.4,Female,Units,%,Reported,Free,End of fieldwork,15 to 49 years old
Kazakhstan,KZ,KAZ,398,Postnatal care for mothers - percentage of women (aged 15-49 years) who received postnatal care within 2 days of giving birth,2015,97.5,Female,Units,%,Reported,Free,End of fieldwork,15 to 49 years old
Kenya,KE,KEN,404,Postnatal care for mothers - percentage of women (aged 15-49 years) who received postnatal care within 2 days of giving birth,2014,52.9,Female,Units,%,Reported,Free,End of fieldwork,15 to 49 years old
Kiribati,KI,KIR,296,Postnatal care for mothers - percentage of women (aged 15-49 years) who received postnatal care within 2 days of giving birth,2019,85.8,Female,Units,%,Reported,Free,End of fieldwork,15 to 49 years old
Kyrgyzstan,KG,KGZ,417,Postnatal care for mothers - percentage of women (aged 15-49 years) who received postnatal care within 2 days of giving birth,2012,95.9,Female,Units,%,Reported,Free,End of fieldwork,15 to 49 years old
Kyrgyzstan,KG,KGZ,417,Postnatal care for mothers - percentage of women (aged 15-49 years) who received postnatal care within 2 days of giving birth,2014,97.8,Female,Units,%,Reported,Free,End of fieldwork,15 to 49 years old
Kyrgyzstan,KG,KGZ,417,Postnatal care for mothers - percentage of women (aged 15-49 years) who received postnatal care within 2 days of giving birth,2018,96.1,Female,Units,%,Reported,Free,End of fieldwork,15 to 49 years old
Lao People's Democratic Republic,LA,LAO,418,Postnatal care for mothers - percentage of women (aged 15-49 years) who received postnatal care within 2 days of giving birth,2012,39.5,Female,Units,%,Reported,Free,End of fieldwork,15 to 49 years old
Lao People's Democratic Republic,LA,LAO,418,Postnatal care for mothers - percentage of women (aged 15-49 years) who received postnatal care within 2 days of giving birth,2017,47.2,Female,Units,%,Reported,Free,End of fieldwork,15 to 49 years old
Lesotho,LS,LSO,426,Postnatal care for mothers - percentage of women (aged 15-49 years) who received postnatal care within 2 days of giving birth,2014,62,Female,Units,%,Reported,Free,End of fieldwork,15 to 49 years old
Lesotho,LS,LSO,426,Postnatal care for mothers - percentage of women (aged 15-49 years) who received postnatal care within 2 days of giving birth,2018,84,Female,Units,%,Reported,Free,End of fieldwork,15 to 49 years old
Liberia,LR,LBR,430,Postnatal care for mothers - percentage of women (aged 15-49 years) who received postnatal care within 2 days of giving birth,2013,70.8,Female,Units,%,Reported,Free,End of fieldwork,15 to 49 years old
Liberia,LR,LBR,430,Postnatal care for mothers - percentage of women (aged 15-49 years) who received postnatal care within 2 days of giving birth,2016,77.2,Female,Units,%,Reported,Free,End of fieldwork,15 to 49 years old
Liberia,LR,LBR,430,Postnatal care for mothers - percentage of women (aged 15-49 years) who received postnatal care within 2 days of giving birth,2020,79.5,Female,Units,%,Reported,Free,End of fieldwork,15 to 49 years old
Madagascar,MG,MDG,450,Postnatal care for mothers - percentage of women (aged 15-49 years) who received postnatal care within 2 days of giving birth,2018,72.1,Female,Units,%,Reported,Free,End of fieldwork,15 to 49 years old
Madagascar,MG,MDG,450,Postnatal care for mothers - percentage of women (aged 15-49 years) who received postnatal care within 2 days of giving birth,2021,54.9,Female,Units,%,Reported,Free,End of fieldwork,15 to 49 years old
Malawi,MW,MWI,454,Postnatal care for mothers - percentage of women (aged 15-49 years) who received postnatal care within 2 days of giving birth,2010,43.1,Female,Units,%,Reported,Free,End of fieldwork,15 to 49 years old
Malawi,MW,MWI,454,Postnatal care for mothers - percentage of women (aged 15-49 years) who received postnatal care within 2 days of giving birth,2014,75.1,Female,Units,%,Reported,Free,End of fieldwork,15 to 49 years old
Malawi,MW,MWI,454,Postnatal care for mothers - percentage of women (aged 15-49 years) who received postnatal care within 2 days of giving birth,2016,42.4,Female,Units,%,Reported,Free,End of fieldwork,15 to 49 years old
Malawi,MW,MWI,454,Postnatal care for mothers - percentage of women (aged 15-49 years) who received postnatal care within 2 days of giving birth,2020,83.7,Female,Units,%,Reported,Free,End of fieldwork,15 to 49 years old
Maldives,MV,MDV,462,Postnatal care for mothers - percentage of women (aged 15-49 years) who received postnatal care within 2 days of giving birth,2017,80.2,Female,Units,%,Reported,Free,End of fieldwork,15 to 49 years old
Mali,ML,MLI,466,Postnatal care for mothers - percentage of women (aged 15-49 years) who received postnatal care within 2 days of giving birth,2013,39.9,Female,Units,%,Reported,Free,End of fieldwork,15 to 49 years old
Mali,ML,MLI,466,Postnatal care for mothers - percentage of women (aged 15-49 years) who received postnatal care within 2 days of giving birth,2015,58.1,Female,Units,%,Reported,Free,End of fieldwork,15 to 49 years old
Mali,ML,MLI,466,Postnatal care for mothers - percentage of women (aged 15-49 years) who received postnatal care within 2 days of giving birth,2018,56.1,Female,Units,%,Reported,Free,End of fieldwork,15 to 49 years old
Mauritania,MR,MRT,478,Postnatal care for mothers - percentage of women (aged 15-49 years) who received postnatal care within 2 days of giving birth,2011,9.1,Female,Units,%,Reported,Free,End of fieldwork,15 to 49 years old
Mauritania,MR,MRT,478,Postnatal care for mothers - percentage of women (aged 15-49 years) who received postnatal care within 2 days of giving birth,2015,57.3,Female,Units,%,Reported,Free,End of fieldwork,15 to 49 years old
Mauritania,MR,MRT,478,Postnatal care for mothers - percentage of women (aged 15-49 years) who received postnatal care within 2 days of giving birth,2021,43,Female,Units,%,Reported,Free,End of fieldwork,15 to 49 years old
Mexico,MX,MEX,484,Postnatal care for mothers - percentage of women (aged 15-49 years) who received postnatal care within 2 days of giving birth,2015,95.2,Female,Units,%,Reported,Free,End of fieldwork,15 to 49 years old
Mongolia,MN,MNG,496,Postnatal care for mothers - percentage of women (aged 15-49 years) who received postnatal care within 2 days of giving birth,2014,95.4,Female,Units,%,Reported,Free,End of fieldwork,15 to 49 years old
Mongolia,MN,MNG,496,Postnatal care for mothers - percentage of women (aged 15-49 years) who received postnatal care within 2 days of giving birth,2018,94.1,Female,Units,%,Reported,Free,End of fieldwork,15 to 49 years old
Montenegro,ME,MNE,499,Postnatal care for mothers - percentage of women (aged 15-49 years) who received postnatal care within 2 days of giving birth,2013,94.9,Female,Units,%,Reported,Free,End of fieldwork,15 to 49 years old
Montenegro,ME,MNE,499,Postnatal care for mothers - percentage of women (aged 15-49 years) who received postnatal care within 2 days of giving birth,2018,86.1,Female,Units,%,Reported,Free,End of fieldwork,15 to 49 years old
Burma,MM,MMR,104,Postnatal care for mothers - percentage of women (aged 15-49 years) who received postnatal care within 2 days of giving birth,2016,71.2,Female,Units,%,Reported,Free,End of fieldwork,15 to 49 years old
Namibia,,NAM,516,Postnatal care for mothers - percentage of women (aged 15-49 years) who received postnatal care within 2 days of giving birth,2013,69,Female,Units,%,Reported,Free,End of fieldwork,15 to 49 years old
Nepal,NP,NPL,524,Postnatal care for mothers - percentage of women (aged 15-49 years) who received postnatal care within 2 days of giving birth,2011,44.6,Female,Units,%,Reported,Free,End of fieldwork,15 to 49 years old
Nepal,NP,NPL,524,Postnatal care for mothers - percentage of women (aged 15-49 years) who received postnatal care within 2 days of giving birth,2014,57.9,Female,Units,%,Reported,Free,End of fieldwork,15 to 49 years old
Nepal,NP,NPL,524,Postnatal care for mothers - percentage of women (aged 15-49 years) who received postnatal care within 2 days of giving birth,2016,56.7,Female,Units,%,Reported,Free,End of fieldwork,15 to 49 years old
Nepal,NP,NPL,524,Postnatal care for mothers - percentage of women (aged 15-49 years) who received postnatal care within 2 days of giving birth,2019,67.8,Female,Units,%,Reported,Free,End of fieldwork,15 to 49 years old
Niger,NE,NER,562,Postnatal care for mothers - percentage of women (aged 15-49 years) who received postnatal care within 2 days of giving birth,2012,36.9,Female,Units,%,Reported,Free,End of fieldwork,15 to 49 years old
Niger,NE,NER,562,Postnatal care for mothers - percentage of women (aged 15-49 years) who received postnatal care within 2 days of giving birth,2021,33.9,Female,Units,%,Reported,Free,End of fieldwork,15 to 49 years old
Nigeria,NG,NGA,566,Postnatal care for mothers - percentage of women (aged 15-49 years) who received postnatal care within 2 days of giving birth,2013,39.7,Female,Units,%,Reported,Free,End of fieldwork,15 to 49 years old
Nigeria,NG,NGA,566,Postnatal care for mothers - percentage of women (aged 15-49 years) who received postnatal care within 2 days of giving birth,2017,37.1,Female,Units,%,Reported,Free,End of fieldwork,15 to 49 years old
Nigeria,NG,NGA,566,Postnatal care for mothers - percentage of women (aged 15-49 years) who received postnatal care within 2 days of giving birth,2018,41.8,Female,Units,%,Reported,Free,End of fieldwork,15 to 49 years old
Nigeria,NG,NGA,566,Postnatal care for mothers - percentage of women (aged 15-49 years) who received postnatal care within 2 days of giving birth,2021,61.4,Female,Units,%,Reported,Free,End of fieldwork,15 to 49 years old
"Macedonia, the former Yugoslav Republic of",MK,MKD,807,Postnatal care for mothers - percentage of women (aged 15-49 years) who received postnatal care within 2 days of giving birth,2019,93.5,Female,Units,%,Reported,Free,End of fieldwork,15 to 49 years old
Oman,OM,OMN,512,Postnatal care for mothers - percentage of women (aged 15-49 years) who received postnatal care within 2 days of giving birth,2014,94.5,Female,Units,%,Reported,Free,End of fieldwork,15 to 49 years old
Pakistan,PK,PAK,586,Postnatal care for mothers - percentage of women (aged 15-49 years) who received postnatal care within 2 days of giving birth,2013,60.4,Female,Units,%,Reported,Free,End of fieldwork,15 to 49 years old
Pakistan,PK,PAK,586,Postnatal care for mothers - percentage of women (aged 15-49 years) who received postnatal care within 2 days of giving birth,2018,61.9,Female,Units,%,Reported,Free,End of fieldwork,15 to 49 years old
Pakistan,PK,PAK,586,Postnatal care for mothers - percentage of women (aged 15-49 years) who received postnatal care within 2 days of giving birth,2019,68.9,Female,Units,%,Reported,Free,End of fieldwork,15 to 49 years old
Panama,PA,PAN,591,Postnatal care for mothers - percentage of women (aged 15-49 years) who received postnatal care within 2 days of giving birth,2013,91.8,Female,Units,%,Reported,Free,End of fieldwork,15 to 49 years old
Papua New Guinea,PG,PNG,598,Postnatal care for mothers - percentage of women (aged 15-49 years) who received postnatal care within 2 days of giving birth,2018,45.5,Female,Units,%,Reported,Free,End of fieldwork,15 to 49 years old
Paraguay,PY,PRY,600,Postnatal care for mothers - percentage of women (aged 15-49 years) who received postnatal care within 2 days of giving birth,2016,94.4,Female,Units,%,Reported,Free,End of fieldwork,15 to 49 years old
Peru,PE,PER,604,Postnatal care for mothers - percentage of women (aged 15-49 years) who received postnatal care within 2 days of giving birth,2012,93.1,Female,Units,%,Reported,Free,End of fieldwork,15 to 49 years old
Peru,PE,PER,604,Postnatal care for mothers - percentage of women (aged 15-49 years) who received postnatal care within 2 days of giving birth,2014,95.7,Female,Units,%,Reported,Free,End of fieldwork,15 to 49 years old
Peru,PE,PER,604,Postnatal care for mothers - percentage of women (aged 15-49 years) who received postnatal care within 2 days of giving birth,2020,96.5,Female,Units,%,Reported,Free,End of fieldwork,15 to 49 years old
Peru,PE,PER,604,Postnatal care for mothers - percentage of women (aged 15-49 years) who received postnatal care within 2 days of giving birth,2021,97.2,Female,Units,%,Reported,Free,End of fieldwork,15 to 49 years old
Philippines,PH,PHL,608,Postnatal care for mothers - percentage of women (aged 15-49 years) who received postnatal care within 2 days of giving birth,2013,72,Female,Units,%,Reported,Free,End of fieldwork,15 to 49 years old
Philippines,PH,PHL,608,Postnatal care for mothers - percentage of women (aged 15-49 years) who received postnatal care within 2 days of giving birth,2017,86.1,Female,Units,%,Reported,Free,End of fieldwork,15 to 49 years old
Rwanda,RW,RWA,646,Postnatal care for mothers - percentage of women (aged 15-49 years) who received postnatal care within 2 days of giving birth,2011,17.6,Female,Units,%,Reported,Free,End of fieldwork,15 to 49 years old
Rwanda,RW,RWA,646,Postnatal care for mothers - percentage of women (aged 15-49 years) who received postnatal care within 2 days of giving birth,2015,43,Female,Units,%,Reported,Free,End of fieldwork,15 to 49 years old
Rwanda,RW,RWA,646,Postnatal care for mothers - percentage of women (aged 15-49 years) who received postnatal care within 2 days of giving birth,2020,70.4,Female,Units,%,Reported,Free,End of fieldwork,15 to 49 years old
Saint Lucia,LC,LCA,662,Postnatal care for mothers - percentage of women (aged 15-49 years) who received postnatal care within 2 days of giving birth,2012,90.2,Female,Units,%,Reported,Free,End of fieldwork,15 to 49 years old
Samoa,WS,WSM,882,Postnatal care for mothers - percentage of women (aged 15-49 years) who received postnatal care within 2 days of giving birth,2014,63.4,Female,Units,%,Reported,Free,End of fieldwork,15 to 49 years old
Samoa,WS,WSM,882,Postnatal care for mothers - percentage of women (aged 15-49 years) who received postnatal care within 2 days of giving birth,2020,82.7,Female,Units,%,Reported,Free,End of fieldwork,15 to 49 years old
Sao Tome and Principe,ST,STP,678,Postnatal care for mothers - percentage of women (aged 15-49 years) who received postnatal care within 2 days of giving birth,2014,86.8,Female,Units,%,Reported,Free,End of fieldwork,15 to 49 years old
Sao Tome and Principe,ST,STP,678,Postnatal care for mothers - percentage of women (aged 15-49 years) who received postnatal care within 2 days of giving birth,2019,84.1,Female,Units,%,Reported,Free,End of fieldwork,15 to 49 years old
Saudi Arabia,SA,SAU,682,Postnatal care for mothers - percentage of women (aged 15-49 years) who received postnatal care within 2 days of giving birth,2019,71.4,Female,Units,%,Reported,Free,End of fieldwork,15 to 49 years old
Senegal,SN,SEN,686,Postnatal care for mothers - percentage of women (aged 15-49 years) who received postnatal care within 2 days of giving birth,2011,68.7,Female,Units,%,Reported,Free,End of fieldwork,15 to 49 years old
Senegal,SN,SEN,686,Postnatal care for mothers - percentage of women (aged 15-49 years) who received postnatal care within 2 days of giving birth,2013,66.6,Female,Units,%,Reported,Free,End of fieldwork,15 to 49 years old
Senegal,SN,SEN,686,Postnatal care for mothers - percentage of women (aged 15-49 years) who received postnatal care within 2 days of giving birth,2015,74.1,Female,Units,%,Reported,Free,End of fieldwork,15 to 49 years old
Senegal,SN,SEN,686,Postnatal care for mothers - percentage of women (aged 15-49 years) who received postnatal care within 2 days of giving birth,2016,75.3,Female,Units,%,Reported,Free,End of fieldwork,15 to 49 years old
Senegal,SN,SEN,686,Postnatal care for mothers - percentage of women (aged 15-49 years) who received postnatal care within 2 days of giving birth,2017,77.2,Female,Units,%,Reported,Free,End of fieldwork,15 to 49 years old
Senegal,SN,SEN,686,Postnatal care for mothers - percentage of women (aged 15-49 years) who received postnatal care within 2 days of giving birth,2018,84.2,Female,Units,%,Reported,Free,End of fieldwork,15 to 49 years old
Senegal,SN,SEN,686,Postnatal care for mothers - percentage of women (aged 15-49 years) who received postnatal care within 2 days of giving birth,2019,80.3,Female,Units,%,Reported,Free,End of fieldwork,15 to 49 years old
Sierra Leone,SL,SLE,694,Postnatal care for mothers - percentage of women (aged 15-49 years) who received postnatal care within 2 days of giving birth,2013,73.2,Female,Units,%,Reported,Free,End of fieldwork,15 to 49 years old
Sierra Leone,SL,SLE,694,Postnatal care for mothers - percentage of women (aged 15-49 years) who received postnatal care within 2 days of giving birth,2017,90.4,Female,Units,%,Reported,Free,End of fieldwork,15 to 49 years old
Sierra Leone,SL,SLE,694,Postnatal care for mothers - percentage of women (aged 15-49 years) who received postnatal care within 2 days of giving birth,2019,86,Female,Units,%,Reported,Free,End of fieldwork,15 to 49 years old
Solomon Islands,SB,SLB,90,Postnatal care for mothers - percentage of women (aged 15-49 years) who received postnatal care within 2 days of giving birth,2015,68.5,Female,Units,%,Reported,Free,End of fieldwork,15 to 49 years old
Somalia,SO,SOM,706,Postnatal care for mothers - percentage of women (aged 15-49 years) who received postnatal care within 2 days of giving birth,2019,10.5,Female,Units,%,Reported,Free,End of fieldwork,15 to 49 years old
South Africa,ZA,ZAF,710,Postnatal care for mothers - percentage of women (aged 15-49 years) who received postnatal care within 2 days of giving birth,2014,74.3,Female,Units,%,Reported,Free,End of fieldwork,15 to 49 years old
South Africa,ZA,ZAF,710,Postnatal care for mothers - percentage of women (aged 15-49 years) who received postnatal care within 2 days of giving birth,2016,83.6,Female,Units,%,Reported,Free,End of fieldwork,15 to 49 years old
South Sudan,SS,SSD,728,Postnatal care for mothers - percentage of women (aged 15-49 years) who received postnatal care within 2 days of giving birth,2020,8.1,Female,Units,%,Reported,Free,End of fieldwork,15 to 49 years old
Sri Lanka,LK,LKA,144,Postnatal care for mothers - percentage of women (aged 15-49 years) who received postnatal care within 2 days of giving birth,2016,99.2,Female,Units,%,Reported,Free,End of fieldwork,15 to 49 years old
"Palestinian Territory, Occupied",PS,PSE,275,Postnatal care for mothers - percentage of women (aged 15-49 years) who received postnatal care within 2 days of giving birth,2014,90.7,Female,Units,%,Reported,Free,End of fieldwork,15 to 49 years old
"Palestinian Territory, Occupied",PS,PSE,275,Postnatal care for mothers - percentage of women (aged 15-49 years) who received postnatal care within 2 days of giving birth,2020,88.9,Female,Units,%,Reported,Free,End of fieldwork,15 to 49 years old
Sudan,SD,SDN,736,Postnatal care for mothers - percentage of women (aged 15-49 years) who received postnatal care within 2 days of giving birth,2014,26.6,Female,Units,%,Reported,Free,End of fieldwork,15 to 49 years old
Suriname,SR,SUR,740,Postnatal care for mothers - percentage of women (aged 15-49 years) who received postnatal care within 2 days of giving birth,2018,91.1,Female,Units,%,Reported,Free,End of fieldwork,15 to 49 years old
Tajikistan,TJ,TJK,762,Postnatal care for mothers - percentage of women (aged 15-49 years) who received postnatal care within 2 days of giving birth,2012,80.5,Female,Units,%,Reported,Free,End of fieldwork,15 to 49 years old
Tajikistan,TJ,TJK,762,Postnatal care for mothers - percentage of women (aged 15-49 years) who received postnatal care within 2 days of giving birth,2017,91.8,Female,Units,%,Reported,Free,End of fieldwork,15 to 49 years old
Timor-Leste,TL,TLS,626,Postnatal care for mothers - percentage of women (aged 15-49 years) who received postnatal care within 2 days of giving birth,2010,24.2,Female,Units,%,Reported,Free,End of fieldwork,15 to 49 years old
Timor-Leste,TL,TLS,626,Postnatal care for mothers - percentage of women (aged 15-49 years) who received postnatal care within 2 days of giving birth,2016,34.5,Female,Units,%,Reported,Free,End of fieldwork,15 to 49 years old
Togo,TG,TGO,768,Postnatal care for mothers - percentage of women (aged 15-49 years) who received postnatal care within 2 days of giving birth,2014,70.8,Female,Units,%,Reported,Free,End of fieldwork,15 to 49 years old
Togo,TG,TGO,768,Postnatal care for mothers - percentage of women (aged 15-49 years) who received postnatal care within 2 days of giving birth,2017,80.8,Female,Units,%,Reported,Free,End of fieldwork,15 to 49 years old
Tonga,TO,TON,776,Postnatal care for mothers - percentage of women (aged 15-49 years) who received postnatal care within 2 days of giving birth,2019,94.6,Female,Units,%,Reported,Free,End of fieldwork,15 to 49 years old
Trinidad and Tobago,TT,TTO,780,Postnatal care for mothers - percentage of women (aged 15-49 years) who received postnatal care within 2 days of giving birth,2011,92,Female,Units,%,Reported,Free,End of fieldwork,15 to 49 years old
Tunisia,TN,TUN,788,Postnatal care for mothers - percentage of women (aged 15-49 years) who received postnatal care within 2 days of giving birth,2012,91.5,Female,Units,%,Reported,Free,End of fieldwork,15 to 49 years old
Tunisia,TN,TUN,788,Postnatal care for mothers - percentage of women (aged 15-49 years) who received postnatal care within 2 days of giving birth,2018,88.8,Female,Units,%,Reported,Free,End of fieldwork,15 to 49 years old
Turkmenistan,TM,TKM,795,Postnatal care for mothers - percentage of women (aged 15-49 years) who received postnatal care within 2 days of giving birth,2016,99.8,Female,Units,%,Reported,Free,End of fieldwork,15 to 49 years old
Turks and Caicos Islands,TC,TCA,796,Postnatal care for mothers - percentage of women (aged 15-49 years) who received postnatal care within 2 days of giving birth,2020,94.6,Female,Units,%,Reported,Free,End of fieldwork,15 to 49 years old
Tuvalu,TV,TUV,798,Postnatal care for mothers - percentage of women (aged 15-49 years) who received postnatal care within 2 days of giving birth,2020,88.6,Female,Units,%,Reported,Free,End of fieldwork,15 to 49 years old
Turkey,TR,TUR,792,Postnatal care for mothers - percentage of women (aged 15-49 years) who received postnatal care within 2 days of giving birth,2014,87.7,Female,Units,%,Reported,Free,End of fieldwork,15 to 49 years old
Turkey,TR,TUR,792,Postnatal care for mothers - percentage of women (aged 15-49 years) who received postnatal care within 2 days of giving birth,2018,78.7,Female,Units,%,Reported,Free,End of fieldwork,15 to 49 years old
Uganda,UG,UGA,800,Postnatal care for mothers - percentage of women (aged 15-49 years) who received postnatal care within 2 days of giving birth,2011,33.2,Female,Units,%,Reported,Free,End of fieldwork,15 to 49 years old
Uganda,UG,UGA,800,Postnatal care for mothers - percentage of women (aged 15-49 years) who received postnatal care within 2 days of giving birth,2016,54.3,Female,Units,%,Reported,Free,End of fieldwork,15 to 49 years old
Ukraine,UA,UKR,804,Postnatal care for mothers - percentage of women (aged 15-49 years) who received postnatal care within 2 days of giving birth,2012,95.6,Female,Units,%,Reported,Free,End of fieldwork,15 to 49 years old
"Tanzania, United Republic of",TZ,TZA,834,Postnatal care for mothers - percentage of women (aged 15-49 years) who received postnatal care within 2 days of giving birth,2010,30.8,Female,Units,%,Reported,Free,End of fieldwork,15 to 49 years old
"Tanzania, United Republic of",TZ,TZA,834,Postnatal care for mothers - percentage of women (aged 15-49 years) who received postnatal care within 2 days of giving birth,2016,34.2,Female,Units,%,Reported,Free,End of fieldwork,15 to 49 years old
Uzbekistan,UZ,UZB,860,Postnatal care for mothers - percentage of women (aged 15-49 years) who received postnatal care within 2 days of giving birth,2022,99.5,Female,Units,%,Reported,Free,End of fieldwork,15 to 49 years old
Viet Nam,VN,VNM,704,Postnatal care for mothers - percentage of women (aged 15-49 years) who received postnatal care within 2 days of giving birth,2014,89.8,Female,Units,%,Reported,Free,End of fieldwork,15 to 49 years old
Viet Nam,VN,VNM,704,Postnatal care for mothers - percentage of women (aged 15-49 years) who received postnatal care within 2 days of giving birth,2021,88.1,Female,Units,%,Reported,Free,End of fieldwork,15 to 49 years old
Yemen,YE,YEM,887,Postnatal care for mothers - percentage of women (aged 15-49 years) who received postnatal care within 2 days of giving birth,2013,19.9,Female,Units,%,Reported,Free,End of fieldwork,15 to 49 years old
Zambia,ZM,ZMB,894,Postnatal care for mothers - percentage of women (aged 15-49 years) who received postnatal care within 2 days of giving birth,2014,63.4,Female,Units,%,Reported,Free,End of fieldwork,15 to 49 years old
Zambia,ZM,ZMB,894,Postnatal care for mothers - percentage of women (aged 15-49 years) who received postnatal care within 2 days of giving birth,2019,69.7,Female,Units,%,Reported,Free,End of fieldwork,15 to 49 years old
Zimbabwe,ZW,ZWE,716,Postnatal care for mothers - percentage of women (aged 15-49 years) who received postnatal care within 2 days of giving birth,2011,27.7,Female,Units,%,Reported,Free,End of fieldwork,15 to 49 years old
Zimbabwe,ZW,ZWE,716,Postnatal care for mothers - percentage of women (aged 15-49 years) who received postnatal care within 2 days of giving birth,2014,77.3,Female,Units,%,Reported,Free,End of fieldwork,15 to 49 years old
Zimbabwe,ZW,ZWE,716,Postnatal care for mothers - percentage of women (aged 15-49 years) who received postnatal care within 2 days of giving birth,2015,56.6,Female,Units,%,Reported,Free,End of fieldwork,15 to 49 years old
Zimbabwe,ZW,ZWE,716,Postnatal care for mothers - percentage of women (aged 15-49 years) who received postnatal care within 2 days of giving birth,2019,82.1,Female,Units,%,Reported,Free,End of fieldwork,15 to 49 years old
